{
  "formatVersion": 1,
  "database": {
    "version": 2,
    "identityHash": "2b4246587835d5dbcfb65d5529ca3e1d",
    "entities": [
      {
        "tableName": "statuses",
        "createSql": "CREATE TABLE IF NOT EXISTS `${TABLE_NAME}` (`statusId` INTEGER NOT NULL, `cylinder_num` INTEGER NOT NULL, `mainTitle` TEXT, `subTitle` TEXT, `lessContent` TEXT, `moreContent` TEXT, `KindOfDanger` INTEGER NOT NULL, `kindOfAcknowledge` INTEGER NOT NULL, `timeStampOfStatus` TEXT, PRIMARY KEY(`statusId`))",
        "fields": [
          {
            "fieldPath": "statusId",
            "columnName": "statusId",
            "affinity": "INTEGER",
            "notNull": true
          },
          {
            "fieldPath": "cylinder_num",
            "columnName": "cylinder_num",
            "affinity": "INTEGER",
            "notNull": true
          },
          {
            "fieldPath": "statusMainTitle",
            "columnName": "mainTitle",
            "affinity": "TEXT",
            "notNull": false
          },
          {
            "fieldPath": "statusSubTitle",
            "columnName": "subTitle",
            "affinity": "TEXT",
            "notNull": false
          },
          {
            "fieldPath": "statusLessContent",
            "columnName": "lessContent",
            "affinity": "TEXT",
            "notNull": false
          },
          {
            "fieldPath": "statusMoreContent",
            "columnName": "moreContent",
            "affinity": "TEXT",
            "notNull": false
          },
          {
            "fieldPath": "statusKindOfDanger",
            "columnName": "KindOfDanger",
            "affinity": "INTEGER",
            "notNull": true
          },
          {
            "fieldPath": "kindOfAcknowledge",
            "columnName": "kindOfAcknowledge",
            "affinity": "INTEGER",
            "notNull": true
          },
          {
            "fieldPath": "timeStampOfstatus",
            "columnName": "timeStampOfStatus",
            "affinity": "TEXT",
            "notNull": false
          }
        ],
        "primaryKey": {
          "columnNames": [
            "statusId"
          ],
          "autoGenerate": false
        },
        "indices": [],
        "foreignKeys": []
      }
    ],
    "views": [],
    "setupQueries": [
      "CREATE TABLE IF NOT EXISTS room_master_table (id INTEGER PRIMARY KEY,identity_hash TEXT)",
      "INSERT OR REPLACE INTO room_master_table (id,identity_hash) VALUES(42, '2b4246587835d5dbcfb65d5529ca3e1d')"
    ]
  }
}